event_id,timestamp,from_bank,from_account_token,to_bank,to_account_token,amount_received,receiving_currency,amount_paid,payment_currency,payment_format,source_type,verified
ibm_35ae25566e16e1c450439f0f,2026/08/01 10:00,Bank of America,acct_c3d55b9a23b53dc1ef31,PNC Bank,acct_111ae322668205d096ee,34223.44,US Dollar,34223.44,US Dollar,ACH,PUBLIC_SYNTHETIC_IBM_AML,0
ibm_df349ba40f207718c231b76d,2026/08/01 14:00,Wells Fargo,acct_9db480bf41c306c7d176,Wells Fargo,acct_f32c1b2889844127af7d,67326.18,US Dollar,67326.18,US Dollar,ACH,PUBLIC_SYNTHETIC_IBM_AML,0
ibm_eafa9dae47bcdaff105fbb60,2026/08/01 18:00,JPMorgan Chase,acct_7507c7d8c377c17e54ea,Citibank,acct_055b12ebe40ac76503ea,63900.75,US Dollar,63900.75,US Dollar,ACH,PUBLIC_SYNTHETIC_IBM_AML,0
ibm_a9fe4540532e5bf2c774e101,2026/08/01 20:00,Bank of America,acct_f4d123765ef1a686d9f8,Wells Fargo,acct_455705769b90fab9bbc5,46744.48,US Dollar,46744.48,US Dollar,ACH,PUBLIC_SYNTHETIC_IBM_AML,0
ibm_c99218854b39795892dc9e30,2026/08/01 22:00,Wells Fargo,acct_b1a84ce3372239bf8d85,Bank of America,acct_b008606c1ae1cd304537,64154.47,US Dollar,64154.47,US Dollar,ACH,PUBLIC_SYNTHETIC_IBM_AML,0
ibm_123c12b72be62922ab626eaf,2026/08/02 00:00,JPMorgan Chase,acct_cc16c908a4d14eeb51ad,PNC Bank,acct_593a03f191675455be8c,55818.70,US Dollar,55818.70,US Dollar,ACH,PUBLIC_SYNTHETIC_IBM_AML,0
ibm_9339f2f72a5a2d342d372179,2026/08/02 02:00,JPMorgan Chase,acct_c28df38cd7e4aae8589b,Citibank,acct_32f37a1d52c4ab1461d0,57110.60,US Dollar,57110.60,US Dollar,ACH,PUBLIC_SYNTHETIC_IBM_AML,0
ibm_ea60976aaa376c1a123d1687,2026/08/02 10:00,Citibank,acct_df5dbaee09f1bcc0e82d,PNC Bank,acct_a2008733796deba71a4f,50193.31,US Dollar,50193.31,US Dollar,ACH,PUBLIC_SYNTHETIC_IBM_AML,0
ibm_e5839c5669f0eca1b56a5845,2026/08/02 12:00,PNC Bank,acct_5f381c03885855c1631c,PNC Bank,acct_8405d8adf287fa919c34,6510.34,US Dollar,6510.34,US Dollar,ACH,PUBLIC_SYNTHETIC_IBM_AML,0
ibm_1496aa2a51bfb7c4ffde5c8f,2026/08/02 14:00,JPMorgan Chase,acct_ea79a660954c54671cc9,Wells Fargo,acct_04aa5f15f73f7a16eae2,67629.79,US Dollar,67629.79,US Dollar,ACH,PUBLIC_SYNTHETIC_IBM_AML,0
ibm_5a5932ca6fd60ecbb99ee3ee,2026/08/02 16:00,PNC Bank,acct_9f04c888a2473568c11a,JPMorgan Chase,acct_2510ebf41f0cca707451,56590.31,US Dollar,56590.31,US Dollar,ACH,PUBLIC_SYNTHETIC_IBM_AML,0
ibm_911c87eb9926d456bdc2d82a,2026/08/02 18:00,Citibank,acct_dcdc8d3eed00faf2a947,JPMorgan Chase,acct_8795b7c874c8af3aae62,45790.77,US Dollar,45790.77,US Dollar,ACH,PUBLIC_SYNTHETIC_IBM_AML,0
ibm_a5c94b9b6f0ae04bd1ad4aec,2026/08/02 22:00,Citibank,acct_891158752308f53a35e9,Bank of America,acct_fe67660d75ef0e12f84d,55172.19,US Dollar,55172.19,US Dollar,ACH,PUBLIC_SYNTHETIC_IBM_AML,0
ibm_bb0fdc68d0980870e9192cc4,2026/08/03 00:00,Citibank,acct_7af2c58243d91ef92010,Citibank,acct_7f5dcce7d6638966f15f,40015.90,US Dollar,40015.90,US Dollar,ACH,PUBLIC_SYNTHETIC_IBM_AML,0
ibm_26fca542e40d7427d6d230c9,2026/08/03 02:00,Citibank,acct_a30fd5809681fb7737e9,Wells Fargo,acct_cbccf8cc551d377324e2,9598.67,US Dollar,9598.67,US Dollar,ACH,PUBLIC_SYNTHETIC_IBM_AML,0
ibm_3edaf7d72d19e8a082441c20,2026/08/03 08:00,Bank of America,acct_442ca7cbf5ee6e166a27,Bank of America,acct_2d061bcfe865a0e663d0,14521.79,US Dollar,14521.79,US Dollar,ACH,PUBLIC_SYNTHETIC_IBM_AML,0
ibm_33252f94a45c29be7b847a5f,2026/08/03 12:00,Bank of America,acct_e6857dfe9c96d4aacde1,JPMorgan Chase,acct_34064c0ea4bf0afc75cf,66718.70,US Dollar,66718.70,US Dollar,ACH,PUBLIC_SYNTHETIC_IBM_AML,0
ibm_d95ea8bc851b57ddb1e79da2,2026/08/03 14:00,Citibank,acct_ac3222839ebf64f2df68,Wells Fargo,acct_1b8aee11044ccbcfc02c,33404.44,US Dollar,33404.44,US Dollar,ACH,PUBLIC_SYNTHETIC_IBM_AML,0
ibm_29b719465417b73fe8c74675,2026/08/03 16:00,Bank of America,acct_f3311fb49d8875bf8da8,PNC Bank,acct_b9e8b1c5101550b96c08,30824.98,US Dollar,30824.98,US Dollar,ACH,PUBLIC_SYNTHETIC_IBM_AML,0
ibm_0688652a82e6e4f71deb9044,2026/08/03 20:00,Wells Fargo,acct_2a7a668642fc5ce5486d,Bank of America,acct_9ebf2635fb10f21b5423,46837.52,US Dollar,46837.52,US Dollar,ACH,PUBLIC_SYNTHETIC_IBM_AML,0
ibm_fd3f2c9ba99ab9ce03bf0155,2026/08/03 22:00,Bank of America,acct_a998653ab2987a3f3612,Citibank,acct_bf84be978518dd75b978,21207.82,US Dollar,21207.82,US Dollar,ACH,PUBLIC_SYNTHETIC_IBM_AML,0
ibm_b6cf7632e45146e4460ee3a4,2026/08/04 00:00,Wells Fargo,acct_da897a9b4f873fce3423,Wells Fargo,acct_57fe7b5b7bdd90197395,15572.33,US Dollar,15572.33,US Dollar,ACH,PUBLIC_SYNTHETIC_IBM_AML,0
ibm_5d29ce0284226054cae56a41,2026/08/04 02:00,Citibank,acct_398e45a78235bf498a59,Citibank,acct_d4988152dff0b00565df,70977.99,US Dollar,70977.99,US Dollar,ACH,PUBLIC_SYNTHETIC_IBM_AML,0
ibm_b721e0f204a71a0fdde52ccc,2026/08/04 04:00,Wells Fargo,acct_fcd35e806fdfa9150b2e,Citibank,acct_b2f4efb8c13e313befb2,48328.89,US Dollar,48328.89,US Dollar,ACH,PUBLIC_SYNTHETIC_IBM_AML,0
ibm_d683959e0649c4e4d798ee63,2026/08/04 06:00,Wells Fargo,acct_a2138d2f01a438df8b9e,Citibank,acct_3ac665cdcd1181e3dd1c,16953.91,US Dollar,16953.91,US Dollar,ACH,PUBLIC_SYNTHETIC_IBM_AML,0
ibm_bd1dc894d041a35c908c8bdf,2026/08/04 10:00,Citibank,acct_d7f7af0ff8b12b60a81f,JPMorgan Chase,acct_a3d409486b4c6a810a65,16455.93,US Dollar,16455.93,US Dollar,ACH,PUBLIC_SYNTHETIC_IBM_AML,0
ibm_156a33cc4f2a7647eee4d2b6,2026/08/04 14:00,JPMorgan Chase,acct_d4be970b89ce4feab2c9,JPMorgan Chase,acct_59dc65ac1d4e5e68279b,3450.86,US Dollar,3450.86,US Dollar,ACH,PUBLIC_SYNTHETIC_IBM_AML,0
ibm_bf4eb6cdc57aeaee6f3cb81c,2026/08/04 18:00,Citibank,acct_513ed8181923433895bb,Citibank,acct_62bccf3f7591130b8eaa,32686.70,US Dollar,32686.70,US Dollar,ACH,PUBLIC_SYNTHETIC_IBM_AML,0
ibm_db4193c7533e14ca3c162a7f,2026/08/04 20:00,JPMorgan Chase,acct_06134a5ec299e9a1dbcb,Citibank,acct_3adef442de5319e49ea9,36305.92,US Dollar,36305.92,US Dollar,ACH,PUBLIC_SYNTHETIC_IBM_AML,0
ibm_3cb1cdeba5909ae75479bd47,2026/08/05 02:00,PNC Bank,acct_ee4c5d46a8a25bd24bff,Citibank,acct_09c1fd1a76db22200f38,73686.27,US Dollar,73686.27,US Dollar,ACH,PUBLIC_SYNTHETIC_IBM_AML,0
ibm_d7ff2c2b252c279783acbde2,2026/08/05 08:00,Wells Fargo,acct_adb5a5cdf88131403755,JPMorgan Chase,acct_e9ba51b19255f9b4684b,1896.67,US Dollar,1896.67,US Dollar,ACH,PUBLIC_SYNTHETIC_IBM_AML,0
ibm_e340a91b998c7bc198b06efc,2026/08/05 10:00,JPMorgan Chase,acct_22ae43899d08897ed384,Bank of America,acct_2a1cd791ef47ddc59f34,10404.31,US Dollar,10404.31,US Dollar,ACH,PUBLIC_SYNTHETIC_IBM_AML,0
ibm_5c78a2a13fbb40c2973b6b13,2026/08/05 16:00,JPMorgan Chase,acct_15af9738c9f58fc2377e,Citibank,acct_c80491c892e48a19511a,34532.09,US Dollar,34532.09,US Dollar,ACH,PUBLIC_SYNTHETIC_IBM_AML,0
ibm_a24466d88f07d478aa131e8a,2026/08/05 18:00,Bank of America,acct_eea7a71a0bb8bb5eed40,JPMorgan Chase,acct_5bccd7951da046f06441,8409.42,US Dollar,8409.42,US Dollar,ACH,PUBLIC_SYNTHETIC_IBM_AML,0
ibm_aa0e4d12afbf7596858877fa,2026/08/05 22:00,Wells Fargo,acct_9466028b9234bf011d6d,Bank of America,acct_5199a9dc1ea45a153d4f,34816.95,US Dollar,34816.95,US Dollar,ACH,PUBLIC_SYNTHETIC_IBM_AML,0
ibm_5c1dbd57b2d34b7c7b0108b0,2026/08/06 00:00,Citibank,acct_411cfba19744604a625b,PNC Bank,acct_d8cf29f78fbad3db5b6f,55978.16,US Dollar,55978.16,US Dollar,ACH,PUBLIC_SYNTHETIC_IBM_AML,0
ibm_d6ba0e577731bfed9619c918,2026/08/06 02:00,JPMorgan Chase,acct_55a913f9e57122d0e233,Citibank,acct_0eb817be76e9862b53f6,48662.99,US Dollar,48662.99,US Dollar,ACH,PUBLIC_SYNTHETIC_IBM_AML,0
ibm_4ec0c24c47069825cd10cffd,2026/08/06 04:00,Wells Fargo,acct_56d8f697ea3d0a621b58,JPMorgan Chase,acct_2e6c43565db06b0a2dc6,44095.74,US Dollar,44095.74,US Dollar,ACH,PUBLIC_SYNTHETIC_IBM_AML,0
ibm_de17a18a8526fdb3fe30456a,2026/08/06 08:00,JPMorgan Chase,acct_2a01992eec312846db43,PNC Bank,acct_0b7c1bca0a28e15b5b8d,59651.59,US Dollar,59651.59,US Dollar,ACH,PUBLIC_SYNTHETIC_IBM_AML,0
ibm_4335040fe91ad19be4ba9b23,2026/08/06 16:00,Citibank,acct_4369e0802d79bda20506,Bank of America,acct_1750685ed986162b786f,70180.72,US Dollar,70180.72,US Dollar,ACH,PUBLIC_SYNTHETIC_IBM_AML,0
ibm_50100cd7dccffdc93f15841c,2026/08/06 18:00,Wells Fargo,acct_dfb198c3d30a09a8b9b5,JPMorgan Chase,acct_a01e4cdd6fc5f38a1510,23982.08,US Dollar,23982.08,US Dollar,ACH,PUBLIC_SYNTHETIC_IBM_AML,0
ibm_dec8e710ac8fee42f8c9532d,2026/08/06 22:00,Bank of America,acct_80b7f1f8ebb8c3f97efe,JPMorgan Chase,acct_bd507243d661b1e8972e,23455.47,US Dollar,23455.47,US Dollar,ACH,PUBLIC_SYNTHETIC_IBM_AML,0
ibm_17b6a56917604581381c8821,2026/08/07 00:00,Wells Fargo,acct_666f0dff03e74d67ec18,PNC Bank,acct_234e35a68534dc44e512,27959.98,US Dollar,27959.98,US Dollar,ACH,PUBLIC_SYNTHETIC_IBM_AML,0
ibm_b4d805ed3b55b875928dcca6,2026/08/07 02:00,Wells Fargo,acct_460fbe8f2186829dd7e1,Citibank,acct_ff40f43edf5f655f01a8,14005.81,US Dollar,14005.81,US Dollar,ACH,PUBLIC_SYNTHETIC_IBM_AML,0
ibm_c6ad15f0ca20746527d89f4a,2026/08/07 06:00,PNC Bank,acct_5c4d7ed47269a2454d67,PNC Bank,acct_7a6ef2bfe2ad1dd66aa3,43144.26,US Dollar,43144.26,US Dollar,ACH,PUBLIC_SYNTHETIC_IBM_AML,0
ibm_9225e0927f7b81c8b12770d7,2026/08/07 08:00,JPMorgan Chase,acct_0206111c61b48c37d8ad,JPMorgan Chase,acct_686b44040d731c367507,63647.79,US Dollar,63647.79,US Dollar,ACH,PUBLIC_SYNTHETIC_IBM_AML,0
ibm_11524157322eb4573ffb8543,2026/08/07 14:00,Bank of America,acct_31769afd345275ea7758,JPMorgan Chase,acct_48dae073428000b020b3,48909.33,US Dollar,48909.33,US Dollar,ACH,PUBLIC_SYNTHETIC_IBM_AML,0
ibm_cdbb077479aa3306fe8cae33,2026/08/07 18:00,Citibank,acct_5a9e2344f4b22118de19,PNC Bank,acct_2f7d593cdc601cc7d987,49436.46,US Dollar,49436.46,US Dollar,ACH,PUBLIC_SYNTHETIC_IBM_AML,0
ibm_cc5866c4ccd1a7c944e42b34,2026/08/07 20:00,JPMorgan Chase,acct_d9883752d9972ffdfec3,JPMorgan Chase,acct_2a6f6b19a353142dde87,7179.66,US Dollar,7179.66,US Dollar,ACH,PUBLIC_SYNTHETIC_IBM_AML,0
ibm_e67e62d23eb0d392788b4845,2026/08/07 22:00,JPMorgan Chase,acct_3a92291a859b863be756,JPMorgan Chase,acct_1e426c3ffe61ac42a217,74341.57,US Dollar,74341.57,US Dollar,ACH,PUBLIC_SYNTHETIC_IBM_AML,0
ibm_c470cd9492485dd705472d24,2026/08/08 00:00,PNC Bank,acct_ce55d8bbd76cd99a46ea,Citibank,acct_07dc8c2f72383268901b,43356.94,US Dollar,43356.94,US Dollar,ACH,PUBLIC_SYNTHETIC_IBM_AML,0
ibm_70735dad18bd603488c68531,2026/08/08 02:00,PNC Bank,acct_62d0d0901354ade2352a,Wells Fargo,acct_d950dbb6b02f1d6abfe0,19244.66,US Dollar,19244.66,US Dollar,ACH,PUBLIC_SYNTHETIC_IBM_AML,0
ibm_f1e241e326bf8d1e210c542a,2026/08/08 04:00,JPMorgan Chase,acct_6f326b1bf3d3977df497,Bank of America,acct_6e7a5058864afdad1613,32001.77,US Dollar,32001.77,US Dollar,ACH,PUBLIC_SYNTHETIC_IBM_AML,0
ibm_0ec92768f6ed78a8676275d4,2026/08/08 08:00,JPMorgan Chase,acct_1b0abd52c6c3671ee9ed,Citibank,acct_c0037f658e334dd7d365,18990.92,US Dollar,18990.92,US Dollar,ACH,PUBLIC_SYNTHETIC_IBM_AML,0
ibm_097cafe09be3275f9551b586,2026/08/08 16:00,Bank of America,acct_1c965169d1a140024e0d,Bank of America,acct_33fa14fbf8d828e069d4,43063.93,US Dollar,43063.93,US Dollar,ACH,PUBLIC_SYNTHETIC_IBM_AML,0
ibm_d06b3671e1f4e52a9335e630,2026/08/09 12:00,Bank of America,acct_641522560e68b2e48df3,Wells Fargo,acct_0038f29b300a5143c1f9,21020.93,US Dollar,21020.93,US Dollar,ACH,PUBLIC_SYNTHETIC_IBM_AML,0
ibm_fb79124d6e0598491166afe0,2026/08/09 14:00,Citibank,acct_8741a83d6f007a996fb3,JPMorgan Chase,acct_62138134d76e068a1872,7572.70,US Dollar,7572.70,US Dollar,ACH,PUBLIC_SYNTHETIC_IBM_AML,0
ibm_2e6294fbb57db2c5c847a79e,2026/08/09 16:00,Citibank,acct_7f39dfd7e58b11ae5397,Bank of America,acct_da5d90dc73889812beb8,44331.88,US Dollar,44331.88,US Dollar,ACH,PUBLIC_SYNTHETIC_IBM_AML,0
ibm_9bdc217bdf501f59fc7246a7,2026/08/09 20:00,Bank of America,acct_c3768f3999d74e7bd513,JPMorgan Chase,acct_60f87eee582394a52229,31155.94,US Dollar,31155.94,US Dollar,ACH,PUBLIC_SYNTHETIC_IBM_AML,0
ibm_f36e00494b918c3d5f7e3926,2026/08/10 00:00,Citibank,acct_f0827c0b4cff3c9cc30b,Citibank,acct_19719ea3345189dd2741,56475.08,US Dollar,56475.08,US Dollar,ACH,PUBLIC_SYNTHETIC_IBM_AML,0
ibm_6d0ebf71e83ad11ec9bb62cb,2026/08/10 04:00,Wells Fargo,acct_bdbce9a8e10492e86dd3,JPMorgan Chase,acct_fca2b4b0d4f63784c0b9,16626.04,US Dollar,16626.04,US Dollar,ACH,PUBLIC_SYNTHETIC_IBM_AML,0
ibm_35e397b2460b90a17470f2d9,2026/08/10 06:00,JPMorgan Chase,acct_661efc1e14d16b1c4f48,JPMorgan Chase,acct_9c19c8075aa4b0e18e89,29038.14,US Dollar,29038.14,US Dollar,ACH,PUBLIC_SYNTHETIC_IBM_AML,0
ibm_d916414430fbeabf69aecb53,2026/08/10 08:00,Citibank,acct_a8f6cfd529c0bdc72086,Bank of America,acct_4d2251c2b1b3cfde0671,737.84,US Dollar,737.84,US Dollar,ACH,PUBLIC_SYNTHETIC_IBM_AML,0
ibm_bde8bcc0791e721af03916eb,2026/08/10 10:00,JPMorgan Chase,acct_d3422987f3cef488bcdf,Wells Fargo,acct_72b58dc1ddd27330c269,30267.38,US Dollar,30267.38,US Dollar,ACH,PUBLIC_SYNTHETIC_IBM_AML,0
ibm_7a4c32b13c1e710ab935abdc,2026/08/10 20:00,PNC Bank,acct_ddcf7e3a0a08e88e863b,JPMorgan Chase,acct_ff9d1dd021d77f0363a2,31474.78,US Dollar,31474.78,US Dollar,ACH,PUBLIC_SYNTHETIC_IBM_AML,0
ibm_1a1bad8b167de165521abc4d,2026/08/11 00:00,PNC Bank,acct_3ec87fba36e860977963,JPMorgan Chase,acct_7233ddd535d92dc3e91c,28116.98,US Dollar,28116.98,US Dollar,ACH,PUBLIC_SYNTHETIC_IBM_AML,0
ibm_3a2b33f97f1e6d641e29c0d9,2026/08/11 08:00,Bank of America,acct_ea9f0cb2f978c3782d46,Wells Fargo,acct_e68a8829ec072a2ac3ba,24350.36,US Dollar,24350.36,US Dollar,ACH,PUBLIC_SYNTHETIC_IBM_AML,0
ibm_8c4e92d569c5070407d21129,2026/08/11 10:00,Citibank,acct_37c325fa4ae803208064,JPMorgan Chase,acct_155c7a4bae37573d2190,31187.09,US Dollar,31187.09,US Dollar,ACH,PUBLIC_SYNTHETIC_IBM_AML,0
ibm_9daeab0b4f6c982ee2cd768b,2026/08/11 14:00,PNC Bank,acct_99609807e211d9e4bd04,PNC Bank,acct_6cfebafb4088254d31d8,6118.04,US Dollar,6118.04,US Dollar,ACH,PUBLIC_SYNTHETIC_IBM_AML,0
ibm_49e23cc80c806a18277483cb,2026/08/11 20:00,Citibank,acct_268cbb79580504cac969,Bank of America,acct_7f67d8fe762367a0b8d2,25746.70,US Dollar,25746.70,US Dollar,ACH,PUBLIC_SYNTHETIC_IBM_AML,0
ibm_90e7929ce890f71c8403f037,2026/08/12 02:00,PNC Bank,acct_c42246dfb18bf36c7b8c,JPMorgan Chase,acct_e5bffb88d3cce16eceb1,24900.92,US Dollar,24900.92,US Dollar,ACH,PUBLIC_SYNTHETIC_IBM_AML,0
ibm_f9bead56fb2476cafd256ec4,2026/08/12 06:00,JPMorgan Chase,acct_ea723947e0e08848d3d3,Bank of America,acct_7a18d725fc7822a8e707,66512.71,US Dollar,66512.71,US Dollar,ACH,PUBLIC_SYNTHETIC_IBM_AML,0
ibm_7bc7b4f50b5db8dd7a03c5e7,2026/08/12 08:00,Citibank,acct_d7d3d5a589b2bfc8c9b9,Bank of America,acct_d52c0a0ebc5ec66c1d1e,6223.03,US Dollar,6223.03,US Dollar,ACH,PUBLIC_SYNTHETIC_IBM_AML,0
ibm_1767f04cde8050334751f699,2026/08/12 20:00,Wells Fargo,acct_961d435e972e2b4b93d9,PNC Bank,acct_2704003cd5ce956ad63b,62942.77,US Dollar,62942.77,US Dollar,ACH,PUBLIC_SYNTHETIC_IBM_AML,0
ibm_098d75cb73a0b139e0e334b8,2026/08/13 00:00,JPMorgan Chase,acct_a0b6b8a487f0fe3bac3c,Bank of America,acct_4558e76c40bb0f7b6445,25738.08,US Dollar,25738.08,US Dollar,ACH,PUBLIC_SYNTHETIC_IBM_AML,0
ibm_b0f1ed55e7dcb6e5c277ad3c,2026/08/13 02:00,Bank of America,acct_0fc4a9c1f8b32f4339eb,Citibank,acct_1766e2d4c1f5c3cb7be4,29554.29,US Dollar,29554.29,US Dollar,ACH,PUBLIC_SYNTHETIC_IBM_AML,0
ibm_cf3a25c56949aeb6cbb4325d,2026/08/13 08:00,PNC Bank,acct_b3180376292ecb639122,Wells Fargo,acct_d5139e7dddecff34b0cf,55222.09,US Dollar,55222.09,US Dollar,ACH,PUBLIC_SYNTHETIC_IBM_AML,0
ibm_0176e2929c1783ad6c240bcf,2026/08/13 10:00,PNC Bank,acct_1b3cff020b16c2862854,Bank of America,acct_d12ef91ecd1cd2252996,41950.71,US Dollar,41950.71,US Dollar,ACH,PUBLIC_SYNTHETIC_IBM_AML,0
ibm_c875aa04696f9be1d2007609,2026/08/13 16:00,PNC Bank,acct_6ec4f74cc7290fd93daa,JPMorgan Chase,acct_9bc89a87a4c5f39d7f78,39239.47,US Dollar,39239.47,US Dollar,ACH,PUBLIC_SYNTHETIC_IBM_AML,0
ibm_0b7039fa2c30732dfe8e4f63,2026/08/13 18:00,Citibank,acct_9ab73a808735663a85a5,Bank of America,acct_d2169c81539fbc605ac4,36507.01,US Dollar,36507.01,US Dollar,ACH,PUBLIC_SYNTHETIC_IBM_AML,0
ibm_e084d87afb13421a48cfbb21,2026/08/13 22:00,JPMorgan Chase,acct_341244d4f216e468acc9,JPMorgan Chase,acct_91c5daf83bc1fdddc76c,31115.37,US Dollar,31115.37,US Dollar,ACH,PUBLIC_SYNTHETIC_IBM_AML,0
ibm_2f37ae7aac29d384b5b39f8a,2026/08/14 00:00,Citibank,acct_ac2d5efd50b6ca5354de,JPMorgan Chase,acct_5730e6957188bcddde82,28772.87,US Dollar,28772.87,US Dollar,ACH,PUBLIC_SYNTHETIC_IBM_AML,0
ibm_50bbc3e02a1917b1c8f12e41,2026/08/14 02:00,JPMorgan Chase,acct_a9ffaa6d48ad24bc16ec,JPMorgan Chase,acct_7204d825fe20c434b05f,56161.32,US Dollar,56161.32,US Dollar,ACH,PUBLIC_SYNTHETIC_IBM_AML,0
ibm_d40b752e6e277df4c21f0078,2026/08/14 08:00,Bank of America,acct_09f77a66f3fbf3f6f9a4,Citibank,acct_0ce1a675efbe5a4bc549,52243.53,US Dollar,52243.53,US Dollar,ACH,PUBLIC_SYNTHETIC_IBM_AML,0
ibm_f5193f187ae32b56aa832725,2026/08/14 10:00,Bank of America,acct_320071956deb1edee6f9,Wells Fargo,acct_b6a40f110b55c205fefa,58694.21,US Dollar,58694.21,US Dollar,ACH,PUBLIC_SYNTHETIC_IBM_AML,0
ibm_24dd8d4e925168167f023831,2026/08/14 12:00,Bank of America,acct_5b5d9044d0154ce5ebfc,PNC Bank,acct_03b770a291bcbe4798a8,40095.82,US Dollar,40095.82,US Dollar,ACH,PUBLIC_SYNTHETIC_IBM_AML,0
ibm_8b3b3a0fd948800814153ea3,2026/08/15 00:00,Wells Fargo,acct_2c4f76a8c7188a486555,JPMorgan Chase,acct_921c7097243847adbb55,30954.39,US Dollar,30954.39,US Dollar,ACH,PUBLIC_SYNTHETIC_IBM_AML,0
ibm_f34a18820de7f1ee84bdd2b0,2026/08/15 04:00,Wells Fargo,acct_ef8d8dac509508c5fd42,JPMorgan Chase,acct_20a6667767e36dd7d33e,47880.24,US Dollar,47880.24,US Dollar,ACH,PUBLIC_SYNTHETIC_IBM_AML,0
ibm_a2a170dd260af7129c3740f3,2026/08/15 06:00,JPMorgan Chase,acct_1312a84f7e1f2268a69b,Citibank,acct_0a0e89772023d77ab18b,17756.67,US Dollar,17756.67,US Dollar,ACH,PUBLIC_SYNTHETIC_IBM_AML,0
ibm_5e918e2cf3042063a75ef9e4,2026/08/15 08:00,PNC Bank,acct_6702789c0971843a7279,Bank of America,acct_60234a4b12cb0e8c0fb9,69416.03,US Dollar,69416.03,US Dollar,ACH,PUBLIC_SYNTHETIC_IBM_AML,0
ibm_fa9de17e16caf262f113badf,2026/08/15 12:00,Wells Fargo,acct_a8b1d433a44efe3a0269,PNC Bank,acct_0f0d4abbbd98370652ae,12268.26,US Dollar,12268.26,US Dollar,ACH,PUBLIC_SYNTHETIC_IBM_AML,0
ibm_79548d3ccbee25647a1f7690,2026/08/15 14:00,Citibank,acct_cc5075fae06159a14d1f,JPMorgan Chase,acct_d8783b4de0ea10f6145a,29813.66,US Dollar,29813.66,US Dollar,ACH,PUBLIC_SYNTHETIC_IBM_AML,0
ibm_7bf428df2bc6f23462f2b31f,2026/08/15 16:00,PNC Bank,acct_b85f35bc6450ee424102,Bank of America,acct_7475fc9162baccaaf2fa,36767.87,US Dollar,36767.87,US Dollar,ACH,PUBLIC_SYNTHETIC_IBM_AML,0
ibm_d8b234424312d01b83b8dd94,2026/08/15 20:00,Citibank,acct_6485509f2e85fe158033,Bank of America,acct_c3a080711cc9653d7b79,53316.44,US Dollar,53316.44,US Dollar,ACH,PUBLIC_SYNTHETIC_IBM_AML,0
ibm_f7fb9b1fff9e06c36a17390a,2026/08/15 22:00,Bank of America,acct_f4b628cba0f1231e032e,Bank of America,acct_f54d55261ee8544b7a9c,6897.56,US Dollar,6897.56,US Dollar,ACH,PUBLIC_SYNTHETIC_IBM_AML,0
ibm_5c0df88954921f811e3b61fe,2026/08/16 00:00,Wells Fargo,acct_b3c01ba079f73ce073be,Wells Fargo,acct_095b3009c6bdaae59b52,46627.15,US Dollar,46627.15,US Dollar,ACH,PUBLIC_SYNTHETIC_IBM_AML,0
ibm_87bce8e7dac9ea1e5a19801b,2026/08/16 06:00,JPMorgan Chase,acct_db121252d5df840fdfd7,Citibank,acct_c412d83d10a2a608263e,9871.55,US Dollar,9871.55,US Dollar,ACH,PUBLIC_SYNTHETIC_IBM_AML,0
ibm_8da4bb3d220fcdaec58c4895,2026/08/16 08:00,PNC Bank,acct_2c16de6d0a2f29b4b5ab,PNC Bank,acct_a55dfd804f538dc3d64b,73141.27,US Dollar,73141.27,US Dollar,ACH,PUBLIC_SYNTHETIC_IBM_AML,0
ibm_bb5e7398caada6889b76b7af,2026/08/16 12:00,JPMorgan Chase,acct_af4e8d16da381b498be6,JPMorgan Chase,acct_9009ed873e1466f3de7d,22316.30,US Dollar,22316.30,US Dollar,ACH,PUBLIC_SYNTHETIC_IBM_AML,0
ibm_a4e11ab541512d532b232f8d,2026/08/17 00:00,Bank of America,acct_5af8a422b0725ca3716b,Citibank,acct_577459dc6347dc51a161,12514.80,US Dollar,12514.80,US Dollar,ACH,PUBLIC_SYNTHETIC_IBM_AML,0
ibm_1943f023158a0623b5ee910f,2026/08/17 08:00,Bank of America,acct_061ee2d0aa70b77ca5a5,PNC Bank,acct_1b3de822384f540e7af5,36138.78,US Dollar,36138.78,US Dollar,ACH,PUBLIC_SYNTHETIC_IBM_AML,0
ibm_7ffbbaeb18563d9229e676bc,2026/08/17 10:00,Citibank,acct_e8c841bd9e3a2b2b3d75,Bank of America,acct_ad0975a6fc60d16f2081,53777.80,US Dollar,53777.80,US Dollar,ACH,PUBLIC_SYNTHETIC_IBM_AML,0
ibm_c9c70f1011c1ec4f301b1e24,2026/08/17 14:00,Citibank,acct_95e16304ff0fd1287d03,Citibank,acct_9f497141e1367d4c2381,67611.74,US Dollar,67611.74,US Dollar,ACH,PUBLIC_SYNTHETIC_IBM_AML,0
ibm_9905e76842e5f36142536320,2026/08/17 16:00,JPMorgan Chase,acct_7eb589f00cd4dfcaf4b3,Bank of America,acct_eeab0cc4d00c95efaad8,18524.47,US Dollar,18524.47,US Dollar,ACH,PUBLIC_SYNTHETIC_IBM_AML,0
ibm_66797485b0cffe8e79d48d8d,2026/08/17 20:00,Wells Fargo,acct_2a292261a56a30498bf7,JPMorgan Chase,acct_47d616ebee3b7440766d,44667.78,US Dollar,44667.78,US Dollar,ACH,PUBLIC_SYNTHETIC_IBM_AML,0
ibm_f39ca25dda9bbfd973da5bdf,2026/08/18 00:00,PNC Bank,acct_4c5682466cdcdff96c6e,Wells Fargo,acct_af516b8796495a31e2ec,3588.21,US Dollar,3588.21,US Dollar,ACH,PUBLIC_SYNTHETIC_IBM_AML,0
ibm_f8d3a8d6228ac9f841738296,2026/08/18 02:00,PNC Bank,acct_19f74ff96187688f0a1f,PNC Bank,acct_c43be52660f3c4e3e7fe,72492.48,US Dollar,72492.48,US Dollar,ACH,PUBLIC_SYNTHETIC_IBM_AML,0
ibm_56ad876467f5b57b950907db,2026/08/18 14:00,Citibank,acct_247509fa301d9235ca7f,Citibank,acct_fdc2bacd3a94974db37d,12647.33,US Dollar,12647.33,US Dollar,ACH,PUBLIC_SYNTHETIC_IBM_AML,0
ibm_1a0a23ccd798ec1fd8159693,2026/08/18 16:00,PNC Bank,acct_23f5104bd0e5c9dfa648,Citibank,acct_2a0f463d621c149be903,11897.25,US Dollar,11897.25,US Dollar,ACH,PUBLIC_SYNTHETIC_IBM_AML,0
ibm_d1298e4004da10e02d37b632,2026/08/18 18:00,Wells Fargo,acct_491d09a2b6fcaef78507,JPMorgan Chase,acct_61c4a24bf98beb9635a3,52205.09,US Dollar,52205.09,US Dollar,ACH,PUBLIC_SYNTHETIC_IBM_AML,0
ibm_6855dfeaa1d9d98d2325036e,2026/08/19 02:00,PNC Bank,acct_8503196378bc2d33d6e1,Wells Fargo,acct_a9f000ef3f2e70446553,70435.52,US Dollar,70435.52,US Dollar,ACH,PUBLIC_SYNTHETIC_IBM_AML,0
ibm_41f52d8a6aef7f844d2297cd,2026/08/19 04:00,Wells Fargo,acct_a2f4391a2b8a5b645a4d,Bank of America,acct_eea0c73c988da495a92b,12849.53,US Dollar,12849.53,US Dollar,ACH,PUBLIC_SYNTHETIC_IBM_AML,0
ibm_870f0bec119112c3ee2fe309,2026/08/19 08:00,Bank of America,acct_e3122bf2054b84a48591,Citibank,acct_b0c66fa6001228aa3b80,61508.89,US Dollar,61508.89,US Dollar,ACH,PUBLIC_SYNTHETIC_IBM_AML,0
ibm_7bbcbddf58330601eaa6d15d,2026/08/19 10:00,Citibank,acct_853725b624c2a192cfec,Citibank,acct_5783425082716543df7e,35377.45,US Dollar,35377.45,US Dollar,ACH,PUBLIC_SYNTHETIC_IBM_AML,0
ibm_b6334496f45692006f2e10c8,2026/08/19 12:00,Wells Fargo,acct_5f40868f684c272bd60d,PNC Bank,acct_d00d1154ac763c0d895a,46526.60,US Dollar,46526.60,US Dollar,ACH,PUBLIC_SYNTHETIC_IBM_AML,0
ibm_4d4f4e9d047088d7a319ccc5,2026/08/19 16:00,Wells Fargo,acct_2aaf0d49ba350f16344e,Bank of America,acct_0922cd28c401beb9826d,16339.75,US Dollar,16339.75,US Dollar,ACH,PUBLIC_SYNTHETIC_IBM_AML,0
ibm_8ab36330c5602dd6dda94a99,2026/08/19 18:00,PNC Bank,acct_c143b995f08049424319,Citibank,acct_e2e65aedf497fbc727af,3290.05,US Dollar,3290.05,US Dollar,ACH,PUBLIC_SYNTHETIC_IBM_AML,0
ibm_faff604122d5762447519229,2026/08/19 20:00,Citibank,acct_6f3c5149dd44c68b81b0,Wells Fargo,acct_86f5a6e4d306ab874dd5,33358.18,US Dollar,33358.18,US Dollar,ACH,PUBLIC_SYNTHETIC_IBM_AML,0
ibm_730245d3225a943a36c21d82,2026/08/19 22:00,JPMorgan Chase,acct_cd38408557678817df93,Citibank,acct_d1db9e5836c5a2d1491e,29282.69,US Dollar,29282.69,US Dollar,ACH,PUBLIC_SYNTHETIC_IBM_AML,0
ibm_21966ad72366ff362fa9232a,2026/08/20 00:00,PNC Bank,acct_3a237e3de74bfe2cefa3,Citibank,acct_31a14769e1b7442441ae,32347.86,US Dollar,32347.86,US Dollar,ACH,PUBLIC_SYNTHETIC_IBM_AML,0
ibm_192e08c0ab8ba55648967a40,2026/08/20 04:00,JPMorgan Chase,acct_693ae53d0c3f63345be7,Wells Fargo,acct_bee8af839f07da3d89ed,58502.96,US Dollar,58502.96,US Dollar,ACH,PUBLIC_SYNTHETIC_IBM_AML,0
ibm_85afbd488b86100c189689ab,2026/08/20 14:00,PNC Bank,acct_a52892ed7815747a93fa,Wells Fargo,acct_058fb5a6c285f978b5ed,9939.09,US Dollar,9939.09,US Dollar,ACH,PUBLIC_SYNTHETIC_IBM_AML,0
ibm_6f8aceb583f2ddfb8b960462,2026/08/20 16:00,PNC Bank,acct_203b558d614de306bee9,Bank of America,acct_02dcb5cffd6cb0918522,59221.48,US Dollar,59221.48,US Dollar,ACH,PUBLIC_SYNTHETIC_IBM_AML,0
ibm_e2d2d00efdf28e843e8f7f2e,2026/08/20 18:00,Citibank,acct_8ece57333d001035707c,Bank of America,acct_0d5abd51fe2efe54b58b,10514.75,US Dollar,10514.75,US Dollar,ACH,PUBLIC_SYNTHETIC_IBM_AML,0
ibm_1ce0a15d54ed8dedbc2ff7e5,2026/08/21 00:00,JPMorgan Chase,acct_a697421f63361e91065a,JPMorgan Chase,acct_6ef15860a5a96ec00594,31784.23,US Dollar,31784.23,US Dollar,ACH,PUBLIC_SYNTHETIC_IBM_AML,0
ibm_b37e2e265b5b8ca762ba1590,2026/08/21 06:00,Bank of America,acct_46ba896242b0220e60df,Bank of America,acct_1aa25b93db903cc936ed,17274.97,US Dollar,17274.97,US Dollar,ACH,PUBLIC_SYNTHETIC_IBM_AML,0
ibm_9e0a73a19c9880f81ecc3f69,2026/08/21 16:00,PNC Bank,acct_83f01b07e24e98d13479,PNC Bank,acct_977ba04b35ddeef3e422,72993.96,US Dollar,72993.96,US Dollar,ACH,PUBLIC_SYNTHETIC_IBM_AML,0
ibm_9649088db3b194c3f1ca9df8,2026/08/21 20:00,Wells Fargo,acct_5b6acdd403248daa2dd7,Citibank,acct_8a278da58b7c01c64ace,41586.16,US Dollar,41586.16,US Dollar,ACH,PUBLIC_SYNTHETIC_IBM_AML,0
ibm_9722848518d79cf72bb081df,2026/08/22 06:00,Wells Fargo,acct_e2aee5f6f00a0b0692d5,Citibank,acct_b37d233e2599b78faa62,48269.70,US Dollar,48269.70,US Dollar,ACH,PUBLIC_SYNTHETIC_IBM_AML,0
ibm_0be5c719f0751dd6d12ba56f,2026/08/22 12:00,Bank of America,acct_6cb6ee894d095e12f523,PNC Bank,acct_0208c7cae2e6309b257f,38533.42,US Dollar,38533.42,US Dollar,ACH,PUBLIC_SYNTHETIC_IBM_AML,0
ibm_88ea7925ee177f64a9990f52,2026/08/22 16:00,Bank of America,acct_761490f4a152c8c24db7,Bank of America,acct_fad03184d976398dfaa1,60980.04,US Dollar,60980.04,US Dollar,ACH,PUBLIC_SYNTHETIC_IBM_AML,0
ibm_f40a584abe115f3a932ed8b8,2026/08/22 18:00,PNC Bank,acct_ec37d72c83b6602c3445,JPMorgan Chase,acct_1ab546d820d2d00b770e,55508.42,US Dollar,55508.42,US Dollar,ACH,PUBLIC_SYNTHETIC_IBM_AML,0
ibm_5dbfa34afde4558ef310a464,2026/08/22 22:00,Wells Fargo,acct_ef0e0c28d982db63e472,Bank of America,acct_55af5c38d57688a9616f,60219.08,US Dollar,60219.08,US Dollar,ACH,PUBLIC_SYNTHETIC_IBM_AML,0
ibm_a87e6b8c3624a666d85f1be5,2026/08/23 02:00,Wells Fargo,acct_ef0c52d6d9035c61804d,Citibank,acct_8b619cbf068d213322fe,27970.96,US Dollar,27970.96,US Dollar,ACH,PUBLIC_SYNTHETIC_IBM_AML,0
ibm_117039b34615ae49c26246d3,2026/08/23 06:00,Citibank,acct_3af0f065468ae37b5465,JPMorgan Chase,acct_99cacb34801b0c7040d8,73942.43,US Dollar,73942.43,US Dollar,ACH,PUBLIC_SYNTHETIC_IBM_AML,0
ibm_28212143a03803098de8973a,2026/08/23 10:00,Bank of America,acct_2597c450b4ab19aee687,Bank of America,acct_e5098f9d67ac6f307834,60967.25,US Dollar,60967.25,US Dollar,ACH,PUBLIC_SYNTHETIC_IBM_AML,0
ibm_8fcda055cbee7ccfeb2162e8,2026/08/23 14:00,PNC Bank,acct_e48425c909d3ccd02f08,Bank of America,acct_ceb4fe8b3581451ab41e,32975.69,US Dollar,32975.69,US Dollar,ACH,PUBLIC_SYNTHETIC_IBM_AML,0
ibm_92a6127fa4a10f955f3828be,2026/08/23 16:00,Wells Fargo,acct_2dfed6fcf870dd879702,Citibank,acct_acb164483c946d5dfa0f,65868.30,US Dollar,65868.30,US Dollar,ACH,PUBLIC_SYNTHETIC_IBM_AML,0
ibm_b340a807dc73f5a31ba614ea,2026/08/23 20:00,PNC Bank,acct_b131dacd37c89931e58e,Citibank,acct_d14c355f0ae707a13080,24323.59,US Dollar,24323.59,US Dollar,ACH,PUBLIC_SYNTHETIC_IBM_AML,0
ibm_8fe2310ed0118d547523f3a1,2026/08/23 22:00,Bank of America,acct_60d425608ef775df4b01,Wells Fargo,acct_1ee3fcef7bbc2999d05b,61817.63,US Dollar,61817.63,US Dollar,ACH,PUBLIC_SYNTHETIC_IBM_AML,0
ibm_160ff80fcae6668103ba17d8,2026/08/24 02:00,JPMorgan Chase,acct_b601b67117c657709ad3,JPMorgan Chase,acct_4043546a5de8dab9c57f,31876.37,US Dollar,31876.37,US Dollar,ACH,PUBLIC_SYNTHETIC_IBM_AML,0
ibm_09c9e2000123284c75abac6e,2026/08/24 10:00,Citibank,acct_474b54f54aa2252b5b83,JPMorgan Chase,acct_342d2b397af105bce5fe,73766.43,US Dollar,73766.43,US Dollar,ACH,PUBLIC_SYNTHETIC_IBM_AML,0
ibm_bf10190e3cb41ea222463678,2026/08/24 12:00,Wells Fargo,acct_eeb22304633679b0cfb4,Bank of America,acct_1c8f1215450dec0a9579,23579.07,US Dollar,23579.07,US Dollar,ACH,PUBLIC_SYNTHETIC_IBM_AML,0
ibm_188ab7dc202ce2fbcb57254c,2026/08/24 14:00,Bank of America,acct_40329983bb1929b2df58,Citibank,acct_0fbf4c6a53022afe9aa5,18380.32,US Dollar,18380.32,US Dollar,ACH,PUBLIC_SYNTHETIC_IBM_AML,0
ibm_15354821e68ce06139335e6a,2026/08/24 16:00,PNC Bank,acct_243f0c324cf4e5dd855c,Wells Fargo,acct_c421dc3fef641633b28d,20030.22,US Dollar,20030.22,US Dollar,ACH,PUBLIC_SYNTHETIC_IBM_AML,0
ibm_959a3893c312e49174e12d2b,2026/08/25 00:00,JPMorgan Chase,acct_c4f5042d1cdff22cc3d3,Bank of America,acct_0b6f6415fbf6e29487af,7944.87,US Dollar,7944.87,US Dollar,ACH,PUBLIC_SYNTHETIC_IBM_AML,0
ibm_745614c54888dff051099c30,2026/08/25 10:00,JPMorgan Chase,acct_7cd6c2ef711f8a0361f0,Citibank,acct_19e7f055cff1b5672538,70242.94,US Dollar,70242.94,US Dollar,ACH,PUBLIC_SYNTHETIC_IBM_AML,0
ibm_ad14c860895a45f10c3b2445,2026/08/25 14:00,Citibank,acct_3366dd19bbceca5e52d3,Wells Fargo,acct_5f7bbd431a28c56de4d4,4672.44,US Dollar,4672.44,US Dollar,ACH,PUBLIC_SYNTHETIC_IBM_AML,0
ibm_218d42551f687ecabe60d00a,2026/08/25 16:00,Bank of America,acct_bbc81f089a834d6cdd12,Wells Fargo,acct_b9ac997d12e8331adb2d,52862.82,US Dollar,52862.82,US Dollar,ACH,PUBLIC_SYNTHETIC_IBM_AML,0
ibm_eb7b1a61ac479d16683b2262,2026/08/25 18:00,Bank of America,acct_aeec58c3a24141b9720d,Wells Fargo,acct_550b10ce5756d76637fb,4636.01,US Dollar,4636.01,US Dollar,ACH,PUBLIC_SYNTHETIC_IBM_AML,0
ibm_da797a2ad1d68a8b70a2c732,2026/08/25 22:00,Wells Fargo,acct_29d180036091d6ccc705,Citibank,acct_ff1ba85c1ec0f4f96e81,49958.13,US Dollar,49958.13,US Dollar,ACH,PUBLIC_SYNTHETIC_IBM_AML,0
ibm_be665d6a3bc580575d703197,2026/08/26 04:00,Wells Fargo,acct_dc6554e37dac5683e5cb,Wells Fargo,acct_c9d403ca47db838abd4a,26551.85,US Dollar,26551.85,US Dollar,ACH,PUBLIC_SYNTHETIC_IBM_AML,0
ibm_1ab21a697869fda9376a93ae,2026/08/26 06:00,Citibank,acct_e856cea3fff9fac9b126,Citibank,acct_55c6533c3dd8e078a39b,22219.97,US Dollar,22219.97,US Dollar,ACH,PUBLIC_SYNTHETIC_IBM_AML,0
ibm_9ff868416791c3450a9ff441,2026/08/26 08:00,Bank of America,acct_17e88c86fe33808f3b7d,Bank of America,acct_7ec58acae94192e09373,8780.79,US Dollar,8780.79,US Dollar,ACH,PUBLIC_SYNTHETIC_IBM_AML,0
ibm_f2515fe66c4e5d8be88dc90d,2026/08/26 10:00,Citibank,acct_c146ac55a3c0b8e32c5f,Wells Fargo,acct_695395948888c033e999,65580.27,US Dollar,65580.27,US Dollar,ACH,PUBLIC_SYNTHETIC_IBM_AML,0
ibm_8ee800d6113fe93a2bdc8cd9,2026/08/26 12:00,PNC Bank,acct_a1af0da161235ea4111b,Citibank,acct_cf7658e6706e1bad13a1,7501.01,US Dollar,7501.01,US Dollar,ACH,PUBLIC_SYNTHETIC_IBM_AML,0
ibm_80fdaafad89c03d2b1b62068,2026/08/26 14:00,Wells Fargo,acct_3791314f63385960fef8,Wells Fargo,acct_cb6073f33dcb52cd8e8a,70346.85,US Dollar,70346.85,US Dollar,ACH,PUBLIC_SYNTHETIC_IBM_AML,0
ibm_03f31855df121daacb93a9f8,2026/08/26 16:00,PNC Bank,acct_cc622dae1180f990d719,JPMorgan Chase,acct_79feb9d877b7b5adb405,27113.48,US Dollar,27113.48,US Dollar,ACH,PUBLIC_SYNTHETIC_IBM_AML,0
ibm_555f2715a4df56599165ec56,2026/08/27 00:00,Wells Fargo,acct_a2ed529455638be5b028,JPMorgan Chase,acct_415348cc791c6f851b2a,38590.30,US Dollar,38590.30,US Dollar,ACH,PUBLIC_SYNTHETIC_IBM_AML,0
ibm_c28c59e79be9e58b50fa5eed,2026/08/27 02:00,Citibank,acct_123d25f656f28dbb84b2,PNC Bank,acct_f43d95a177bb84cd9eeb,10555.89,US Dollar,10555.89,US Dollar,ACH,PUBLIC_SYNTHETIC_IBM_AML,0
ibm_52dc1344e5294384d2680bfc,2026/08/27 04:00,JPMorgan Chase,acct_1a91c6bdc1fabab62964,PNC Bank,acct_98ebf77c6997cb7a16bb,20936.57,US Dollar,20936.57,US Dollar,ACH,PUBLIC_SYNTHETIC_IBM_AML,0
ibm_dfbcd87d1a29862ee6cab830,2026/08/27 08:00,Citibank,acct_924f2b4fcd3980e6147c,JPMorgan Chase,acct_130d4356125f7fafffc1,56911.09,US Dollar,56911.09,US Dollar,ACH,PUBLIC_SYNTHETIC_IBM_AML,0
ibm_b5109ad811fb26a57573b6b6,2026/08/27 10:00,Citibank,acct_f4c85b216d7e6ac7936d,Citibank,acct_19b4dcbc983b1d3399a5,39615.05,US Dollar,39615.05,US Dollar,ACH,PUBLIC_SYNTHETIC_IBM_AML,0
ibm_d5ed737fe9c3c13f8acfddcb,2026/08/27 16:00,PNC Bank,acct_161ede773dab5425eb76,Wells Fargo,acct_952a6048d34cb6c0c7b0,38772.17,US Dollar,38772.17,US Dollar,ACH,PUBLIC_SYNTHETIC_IBM_AML,0
ibm_8ade0abb0eb96188623fe30c,2026/08/27 18:00,Wells Fargo,acct_1916ac890ec3a33ee77d,Wells Fargo,acct_221882172cef3a38e07b,62409.65,US Dollar,62409.65,US Dollar,ACH,PUBLIC_SYNTHETIC_IBM_AML,0
ibm_68649de99b53614c843d0a27,2026/08/27 20:00,Wells Fargo,acct_91592694f5081e74da85,JPMorgan Chase,acct_0b4d11a278dc888be56d,66385.12,US Dollar,66385.12,US Dollar,ACH,PUBLIC_SYNTHETIC_IBM_AML,0
ibm_1fa71abfd7f458542ab7dca5,2026/08/27 22:00,JPMorgan Chase,acct_235c64628df3b30f2c7a,Citibank,acct_1270e5d6956e72e908a0,57684.62,US Dollar,57684.62,US Dollar,ACH,PUBLIC_SYNTHETIC_IBM_AML,0
ibm_fedcff35139f48c724ce84f7,2026/08/28 00:00,PNC Bank,acct_15038c9a7c5185b7ddfc,PNC Bank,acct_d112c8451feaff264fb1,69709.08,US Dollar,69709.08,US Dollar,ACH,PUBLIC_SYNTHETIC_IBM_AML,0
ibm_6f3ad41380511599ace2e8bd,2026/08/28 02:00,PNC Bank,acct_113df9d9f68877a35935,Citibank,acct_c02d1937bd61e2a24e14,23936.96,US Dollar,23936.96,US Dollar,ACH,PUBLIC_SYNTHETIC_IBM_AML,0
ibm_0f5d8a67a03dad1e15a25ca8,2026/08/28 04:00,Wells Fargo,acct_f404efa44ffbbdd48624,Citibank,acct_a7bea330b06208d2798e,32061.84,US Dollar,32061.84,US Dollar,ACH,PUBLIC_SYNTHETIC_IBM_AML,0
ibm_c14c47c489c9050b0cd90158,2026/08/28 06:00,Wells Fargo,acct_15ba9d0e41ff13c1a8e6,PNC Bank,acct_586ee6ff485f309a6b60,34644.74,US Dollar,34644.74,US Dollar,ACH,PUBLIC_SYNTHETIC_IBM_AML,0
ibm_c51af4947cdc9ddc0da23c81,2026/08/28 08:00,PNC Bank,acct_5cb6eab13317fd755912,PNC Bank,acct_c06766a9cd2fad0497b6,17453.74,US Dollar,17453.74,US Dollar,ACH,PUBLIC_SYNTHETIC_IBM_AML,0
ibm_f4c54a5a91e9a43271e8efd8,2026/08/28 20:00,Bank of America,acct_617c3418f16e8a42b2c2,JPMorgan Chase,acct_1dce973ff4400228b6df,48241.17,US Dollar,48241.17,US Dollar,ACH,PUBLIC_SYNTHETIC_IBM_AML,0
ibm_c1c78ea640fbb23ec4bf079e,2026/08/28 22:00,PNC Bank,acct_4b8b2a250f8f10950deb,PNC Bank,acct_b27a71809205d793c534,51071.24,US Dollar,51071.24,US Dollar,ACH,PUBLIC_SYNTHETIC_IBM_AML,0
ibm_be017632c3caeda4ba6a7134,2026/08/29 02:00,Bank of America,acct_267c6b68efa50424bccf,Bank of America,acct_d617bf781a25b71c6240,29963.77,US Dollar,29963.77,US Dollar,ACH,PUBLIC_SYNTHETIC_IBM_AML,0
ibm_7790d6592cbc136168d400d8,2026/08/29 08:00,Wells Fargo,acct_0ce1b362eca645ce9e21,Wells Fargo,acct_0452b500f9c45844a592,18891.53,US Dollar,18891.53,US Dollar,ACH,PUBLIC_SYNTHETIC_IBM_AML,0
ibm_cb3dbd1b75b9576c95ec2d3f,2026/08/29 14:00,Bank of America,acct_ec0edeb8db7a85786a0f,JPMorgan Chase,acct_14f2414d878d82e7c34a,48409.26,US Dollar,48409.26,US Dollar,ACH,PUBLIC_SYNTHETIC_IBM_AML,0
ibm_cb46718dbcd2d6d1d9798a38,2026/08/29 18:00,JPMorgan Chase,acct_464bcf2ebda86f99eaa9,PNC Bank,acct_94a6ae84252f93b7be2e,20022.03,US Dollar,20022.03,US Dollar,ACH,PUBLIC_SYNTHETIC_IBM_AML,0
ibm_e9f8ef8a2d92758f482cce92,2026/08/29 20:00,Wells Fargo,acct_224d6e378e85b40d4c78,Citibank,acct_d254a384714f5e208e81,72849.32,US Dollar,72849.32,US Dollar,ACH,PUBLIC_SYNTHETIC_IBM_AML,0
ibm_ee2a0a42680db4533259e67a,2026/08/29 22:00,JPMorgan Chase,acct_02683c4b9b547b5d45c8,JPMorgan Chase,acct_e009c63eb18a23c51a0f,9374.06,US Dollar,9374.06,US Dollar,ACH,PUBLIC_SYNTHETIC_IBM_AML,0
ibm_150bf15030a47a5c91aadfde,2026/08/30 00:00,Wells Fargo,acct_33fff833e9599b485354,PNC Bank,acct_8af088575c2bb7325804,33271.64,US Dollar,33271.64,US Dollar,ACH,PUBLIC_SYNTHETIC_IBM_AML,0
ibm_cc114d7defc5f1828cbd77d6,2026/08/30 06:00,JPMorgan Chase,acct_7ed38fbfb87f47d7cfa4,Wells Fargo,acct_4b2e727f000bc1cc7a24,522.97,US Dollar,522.97,US Dollar,ACH,PUBLIC_SYNTHETIC_IBM_AML,0
ibm_2d1f3d48a0bb9219e65fa792,2026/08/30 10:00,Bank of America,acct_d65244b2a5483f440bd8,PNC Bank,acct_a48bb8bf722d1d2ff44b,62272.36,US Dollar,62272.36,US Dollar,ACH,PUBLIC_SYNTHETIC_IBM_AML,0
ibm_0babe89200118189f26705ff,2026/08/30 12:00,PNC Bank,acct_4e1899a7287a0f84bbbe,Bank of America,acct_3abee792c16f58e86e55,37321.56,US Dollar,37321.56,US Dollar,ACH,PUBLIC_SYNTHETIC_IBM_AML,0
ibm_e30d910b2ea9b70064b20390,2026/08/30 14:00,Wells Fargo,acct_6015b2f44bb6b5bf5570,JPMorgan Chase,acct_706a51f0d977b00c0231,22551.30,US Dollar,22551.30,US Dollar,ACH,PUBLIC_SYNTHETIC_IBM_AML,0
ibm_6181d109cb4c97cd68975f62,2026/08/31 00:00,JPMorgan Chase,acct_13d04c151ab1bb85c254,Citibank,acct_a2c6b705aa68a0f66a17,40693.30,US Dollar,40693.30,US Dollar,ACH,PUBLIC_SYNTHETIC_IBM_AML,0
ibm_be69734e009e2e26c31fb043,2026/08/31 02:00,Bank of America,acct_fc112e334a0566159a63,PNC Bank,acct_2ea7ce7fb64b903a79dc,58957.62,US Dollar,58957.62,US Dollar,ACH,PUBLIC_SYNTHETIC_IBM_AML,0
ibm_6bd3b12de164abe39f3a5f45,2026/08/31 06:00,Bank of America,acct_758a35e78329d2f82b02,Citibank,acct_1df04fbd159fb7298db7,72743.90,US Dollar,72743.90,US Dollar,ACH,PUBLIC_SYNTHETIC_IBM_AML,0
ibm_c0be39ce6501bad0ce329cab,2026/08/31 14:00,PNC Bank,acct_744189f59e59a34f1921,Wells Fargo,acct_668e5bf2d659cf336218,6148.85,US Dollar,6148.85,US Dollar,ACH,PUBLIC_SYNTHETIC_IBM_AML,0
ibm_fb97cb3ac9d07b44c7612291,2026/09/01 02:00,Bank of America,acct_d7e896dbac59bd76a9af,PNC Bank,acct_f34d3cee1026fc691ac5,59947.12,US Dollar,59947.12,US Dollar,ACH,PUBLIC_SYNTHETIC_IBM_AML,0
ibm_cce20fca4c4180e69214c3e5,2026/09/01 04:00,Wells Fargo,acct_44d5c62b448f7c24f6d4,PNC Bank,acct_dd8e798a586173fc8e92,41227.14,US Dollar,41227.14,US Dollar,ACH,PUBLIC_SYNTHETIC_IBM_AML,0
ibm_4c27635c2d9a0b52f59724a9,2026/09/01 06:00,Wells Fargo,acct_278f16509d954003bf17,Bank of America,acct_46c77a07e8fe7dd29b83,29036.58,US Dollar,29036.58,US Dollar,ACH,PUBLIC_SYNTHETIC_IBM_AML,0
ibm_859100d9b5b4b5953a85991a,2026/09/01 10:00,PNC Bank,acct_afb050a3219751de18c4,JPMorgan Chase,acct_f261311c912b72245ee1,59095.64,US Dollar,59095.64,US Dollar,ACH,PUBLIC_SYNTHETIC_IBM_AML,0
ibm_4c1ef7496970341ba8a7b201,2026/09/01 12:00,PNC Bank,acct_4fa64936994cc2452184,Citibank,acct_13f6f65b54fb4cc388de,14982.87,US Dollar,14982.87,US Dollar,ACH,PUBLIC_SYNTHETIC_IBM_AML,0
ibm_511f702661b7eec00f5c88a4,2026/09/01 16:00,Bank of America,acct_d76969d2ad5738d93143,JPMorgan Chase,acct_5859d4a594d28e0a555b,6716.68,US Dollar,6716.68,US Dollar,ACH,PUBLIC_SYNTHETIC_IBM_AML,0
ibm_cc7bf50d07939cbe93463e38,2026/09/02 00:00,JPMorgan Chase,acct_272150aaf64c1cc9b6ff,Bank of America,acct_c334377e9194c7f9bd2b,41876.85,US Dollar,41876.85,US Dollar,ACH,PUBLIC_SYNTHETIC_IBM_AML,0
ibm_d06131cd6955bea8ee40387f,2026/09/02 06:00,JPMorgan Chase,acct_6603d52aed383f77b1d9,Bank of America,acct_5b9655d018b46a1de1c7,9079.83,US Dollar,9079.83,US Dollar,ACH,PUBLIC_SYNTHETIC_IBM_AML,0
ibm_9fc072771869ff16eb101646,2026/09/02 08:00,Citibank,acct_588c0ab75c272fbf0a1a,Citibank,acct_f90a4fdef78679da5c7d,30511.21,US Dollar,30511.21,US Dollar,ACH,PUBLIC_SYNTHETIC_IBM_AML,0
ibm_bab282a4ce44ca369bb112b5,2026/09/02 10:00,PNC Bank,acct_804532ba3a045161a798,Wells Fargo,acct_4ac705170560d1cf3483,64247.55,US Dollar,64247.55,US Dollar,ACH,PUBLIC_SYNTHETIC_IBM_AML,0
ibm_5c03716854ce02c0484af0d9,2026/09/02 14:00,Bank of America,acct_c70b4df3f7aaea7ecb03,Wells Fargo,acct_7956b197d23c01d058bb,16934.49,US Dollar,16934.49,US Dollar,ACH,PUBLIC_SYNTHETIC_IBM_AML,0
ibm_a93d165effa623720d411975,2026/09/02 16:00,Bank of America,acct_34c82f0f0aeb847a827b,JPMorgan Chase,acct_cb39e0eb03cf2e2018b8,64395.87,US Dollar,64395.87,US Dollar,ACH,PUBLIC_SYNTHETIC_IBM_AML,0
ibm_0f052dd5e3c5ce1b4236a0ba,2026/09/03 04:00,JPMorgan Chase,acct_e75e23354b9dba3f4bb0,Citibank,acct_00b46ed451898f666807,40477.04,US Dollar,40477.04,US Dollar,ACH,PUBLIC_SYNTHETIC_IBM_AML,0
ibm_8a132320d4317ed6d925c488,2026/09/03 06:00,JPMorgan Chase,acct_87bca16a080e15618c4f,PNC Bank,acct_463f2e1cb09bb6afd02b,32740.23,US Dollar,32740.23,US Dollar,ACH,PUBLIC_SYNTHETIC_IBM_AML,0
ibm_269b6f6843847553c5b6c82d,2026/09/03 12:00,Citibank,acct_4466d6613da8f5c4fa22,Bank of America,acct_513ec0589162402e1d6e,56519.35,US Dollar,56519.35,US Dollar,ACH,PUBLIC_SYNTHETIC_IBM_AML,0
ibm_ff531486874e98b7c96b2a19,2026/09/03 14:00,Bank of America,acct_cd5dd595ba8b92e66f48,Citibank,acct_6d0082190cdb6c8db44a,68415.47,US Dollar,68415.47,US Dollar,ACH,PUBLIC_SYNTHETIC_IBM_AML,0
ibm_14752c0880dd1fd637a383fa,2026/09/03 22:00,Citibank,acct_26755604a18423ce875f,Bank of America,acct_9d6786cec2e55bfe585d,24301.28,US Dollar,24301.28,US Dollar,ACH,PUBLIC_SYNTHETIC_IBM_AML,0
ibm_9ebb9913587aa3dbfd749314,2026/09/04 00:00,Citibank,acct_656b15b31e743792443a,Wells Fargo,acct_8c0d4b1b9067e5b68a3f,47151.58,US Dollar,47151.58,US Dollar,ACH,PUBLIC_SYNTHETIC_IBM_AML,0
ibm_778c9d3d71756ee8bbca131d,2026/09/04 02:00,JPMorgan Chase,acct_b2bff2b40ad6f050bd43,PNC Bank,acct_1a52df4575744e18bb88,18749.70,US Dollar,18749.70,US Dollar,ACH,PUBLIC_SYNTHETIC_IBM_AML,0
ibm_f11149cce9a41d0f77d8b2b9,2026/09/04 08:00,JPMorgan Chase,acct_f204c9081cd108200354,PNC Bank,acct_be8d2100a717b32bbc49,2176.33,US Dollar,2176.33,US Dollar,ACH,PUBLIC_SYNTHETIC_IBM_AML,0
ibm_b3d02c93524891c9108aa43f,2026/09/04 22:00,PNC Bank,acct_3f0c604840c0b77f1bb7,JPMorgan Chase,acct_9909a3ed5d95ebe759e2,48309.63,US Dollar,48309.63,US Dollar,ACH,PUBLIC_SYNTHETIC_IBM_AML,0
ibm_faa48c717a111c0ee4c5289b,2026/09/05 00:00,JPMorgan Chase,acct_45e22113ca6efd6564ef,JPMorgan Chase,acct_27602aa5300eca91ea37,64545.79,US Dollar,64545.79,US Dollar,ACH,PUBLIC_SYNTHETIC_IBM_AML,0
ibm_6782b575edf16315a80e03bb,2026/09/05 02:00,Wells Fargo,acct_4c6dbbc4d6e8463971ef,Bank of America,acct_fa8d64b2c2fb80a8a760,62082.43,US Dollar,62082.43,US Dollar,ACH,PUBLIC_SYNTHETIC_IBM_AML,0
ibm_a0eaa28be821317a4c18041e,2026/09/05 14:00,Citibank,acct_ac005b7b40f0540ae36d,JPMorgan Chase,acct_c1914e8d6e8db8e13a04,11645.32,US Dollar,11645.32,US Dollar,ACH,PUBLIC_SYNTHETIC_IBM_AML,0
ibm_809b1b6a08b55943718b342a,2026/09/05 20:00,Wells Fargo,acct_3cc180d4c3fb4b4d42d9,JPMorgan Chase,acct_db60307532c342e78a66,50779.84,US Dollar,50779.84,US Dollar,ACH,PUBLIC_SYNTHETIC_IBM_AML,0
ibm_c535c52fa38d54fb7728065c,2026/09/05 22:00,JPMorgan Chase,acct_9da259cc154b43940194,Bank of America,acct_8c552fa482c3c1a3e6fc,20363.86,US Dollar,20363.86,US Dollar,ACH,PUBLIC_SYNTHETIC_IBM_AML,0
ibm_6f83d6728d2b3baf515619a4,2026/09/06 02:00,Citibank,acct_537f3eebfdb9d758b896,Citibank,acct_ca393bcf1b98d2ed85c6,28047.39,US Dollar,28047.39,US Dollar,ACH,PUBLIC_SYNTHETIC_IBM_AML,0
ibm_377be94a88c248bf3487cdda,2026/09/06 04:00,Bank of America,acct_2aec186e22994c44e556,Wells Fargo,acct_101d962f055c6ffef9aa,60773.09,US Dollar,60773.09,US Dollar,ACH,PUBLIC_SYNTHETIC_IBM_AML,0
ibm_33214ea87ad5b3791858939d,2026/09/06 06:00,PNC Bank,acct_c20d8e6d7d97fe56c095,Bank of America,acct_1fa196e99e1be0b6d263,70791.91,US Dollar,70791.91,US Dollar,ACH,PUBLIC_SYNTHETIC_IBM_AML,0
ibm_f7fef1a7df375a9745628e24,2026/09/06 10:00,PNC Bank,acct_da4ee7ada86c26489b0f,Bank of America,acct_a44e2804525199b9dbd6,36543.46,US Dollar,36543.46,US Dollar,ACH,PUBLIC_SYNTHETIC_IBM_AML,0
ibm_047fffde68bbabbe5c8516f0,2026/09/06 12:00,PNC Bank,acct_5794fad6baa5be760cb0,Bank of America,acct_03125271e13bd51cc9be,43588.57,US Dollar,43588.57,US Dollar,ACH,PUBLIC_SYNTHETIC_IBM_AML,0
ibm_47c0cc0009cf131f26c2fd88,2026/09/06 18:00,Bank of America,acct_ac0b7eab0b1bb542084a,Bank of America,acct_8ee04faa63321e71816f,31288.76,US Dollar,31288.76,US Dollar,ACH,PUBLIC_SYNTHETIC_IBM_AML,0
ibm_13139d07c4ef5db8055a2907,2026/09/06 22:00,Citibank,acct_028e96aa72570479df4f,Citibank,acct_17a7ea49dbf6f47732c6,58333.59,US Dollar,58333.59,US Dollar,ACH,PUBLIC_SYNTHETIC_IBM_AML,0
ibm_3ac26102909b00b85e33f63b,2026/09/07 00:00,Bank of America,acct_135b7cb446cc9ad48324,Citibank,acct_d433bb24c6bfe200e68e,24934.95,US Dollar,24934.95,US Dollar,ACH,PUBLIC_SYNTHETIC_IBM_AML,0
ibm_3da2d514ff162caa4be29fb1,2026/09/07 04:00,Bank of America,acct_bd1f1f639049567525b6,JPMorgan Chase,acct_24f3f901773ae2c14096,34456.30,US Dollar,34456.30,US Dollar,ACH,PUBLIC_SYNTHETIC_IBM_AML,0
ibm_4cb14da7d01afe516539634e,2026/09/07 10:00,Bank of America,acct_05f0db4b4412b020c2e5,Wells Fargo,acct_47cd0c8db5173bf1ce99,59017.61,US Dollar,59017.61,US Dollar,ACH,PUBLIC_SYNTHETIC_IBM_AML,0
ibm_c4d19bb52652b8bd2eadf73a,2026/09/07 12:00,Bank of America,acct_bfbc5e1b04be903e114d,JPMorgan Chase,acct_4be10dfd9eb2475e4473,19855.63,US Dollar,19855.63,US Dollar,ACH,PUBLIC_SYNTHETIC_IBM_AML,0
ibm_88ac8d358b777e18a45b5fe5,2026/09/07 18:00,Wells Fargo,acct_249cd413744c5585ea21,Wells Fargo,acct_3f7bf46eab06dea9492a,29687.61,US Dollar,29687.61,US Dollar,ACH,PUBLIC_SYNTHETIC_IBM_AML,0
ibm_1dba3b8d2be1fa6d7660aeca,2026/09/08 00:00,Wells Fargo,acct_22e55d61c323dafcb9b3,JPMorgan Chase,acct_58efceb4fe4302f19609,48739.79,US Dollar,48739.79,US Dollar,ACH,PUBLIC_SYNTHETIC_IBM_AML,0
ibm_66c0a54c52a8402421a08a89,2026/09/08 04:00,JPMorgan Chase,acct_4f42093cad574d9db9b5,PNC Bank,acct_0a57187fd9cc2a40b6e2,43243.25,US Dollar,43243.25,US Dollar,ACH,PUBLIC_SYNTHETIC_IBM_AML,0
ibm_bd55dee2dbf5c5aea0052e5e,2026/09/08 08:00,Bank of America,acct_cc0666ddf555aa9ae12a,Wells Fargo,acct_6790313d5eb0d44556da,63576.39,US Dollar,63576.39,US Dollar,ACH,PUBLIC_SYNTHETIC_IBM_AML,0
ibm_b437708a4d6a90922a366674,2026/09/08 10:00,PNC Bank,acct_717844c0eebe67cf1714,Bank of America,acct_25e3ad7d2f8e2e2e08c2,49216.33,US Dollar,49216.33,US Dollar,ACH,PUBLIC_SYNTHETIC_IBM_AML,0
ibm_beb723309180b5ea98caea40,2026/09/08 12:00,Wells Fargo,acct_85e1fd7e6f48f6384530,Bank of America,acct_c00da0fe883b2f4589bb,57510.68,US Dollar,57510.68,US Dollar,ACH,PUBLIC_SYNTHETIC_IBM_AML,0
ibm_4048db09d883b50919a9dd81,2026/09/08 14:00,PNC Bank,acct_e203df2775d9c24b8b26,JPMorgan Chase,acct_dabf86190748f5ab587b,60847.74,US Dollar,60847.74,US Dollar,ACH,PUBLIC_SYNTHETIC_IBM_AML,0
ibm_57a8e864b4a76512ad76849f,2026/09/08 20:00,JPMorgan Chase,acct_c81b8a6abff6293337a8,JPMorgan Chase,acct_9b72cf46fbd3d6918ba2,53089.33,US Dollar,53089.33,US Dollar,ACH,PUBLIC_SYNTHETIC_IBM_AML,0
ibm_c6a48b2ec04eb5b21fa4c8ab,2026/09/08 22:00,PNC Bank,acct_e73297628b8bcd7bf1fe,Wells Fargo,acct_8f42866d54877eb77780,10719.12,US Dollar,10719.12,US Dollar,ACH,PUBLIC_SYNTHETIC_IBM_AML,0
ibm_d25e5fadb00150933b3726f6,2026/09/09 02:00,PNC Bank,acct_2a749bbd53738f0488c1,Wells Fargo,acct_1257009285f1ccb8313c,65978.87,US Dollar,65978.87,US Dollar,ACH,PUBLIC_SYNTHETIC_IBM_AML,0
ibm_293ca79cbf2e44b200725e07,2026/09/09 04:00,JPMorgan Chase,acct_8cd9b226d3958822d180,Citibank,acct_6a39beba4570ce80a21c,41440.50,US Dollar,41440.50,US Dollar,ACH,PUBLIC_SYNTHETIC_IBM_AML,0
ibm_769f6d3186f2945efd3a5856,2026/09/09 08:00,Citibank,acct_a109fc5a4067dac9f163,JPMorgan Chase,acct_da9335f97d976a38d7dc,62258.03,US Dollar,62258.03,US Dollar,ACH,PUBLIC_SYNTHETIC_IBM_AML,0
ibm_79d0e30b07b0e0d84098f2a4,2026/09/09 14:00,Bank of America,acct_8a864df7e93f1c979706,JPMorgan Chase,acct_2a59750bc182781184de,31980.21,US Dollar,31980.21,US Dollar,ACH,PUBLIC_SYNTHETIC_IBM_AML,0
ibm_4662cd82c28b59614b3c2684,2026/09/09 18:00,Wells Fargo,acct_f355aacfad0c89ca4b36,Citibank,acct_e82ca9a88489b6048dc0,27723.34,US Dollar,27723.34,US Dollar,ACH,PUBLIC_SYNTHETIC_IBM_AML,0
ibm_8f1e8d980978ed35774afe87,2026/09/09 22:00,PNC Bank,acct_c3dfdb7b9e129c85fdfb,JPMorgan Chase,acct_9e3b9c4bde4788832a6f,2515.93,US Dollar,2515.93,US Dollar,ACH,PUBLIC_SYNTHETIC_IBM_AML,0
ibm_f92204227473ab8e7ce8999c,2026/09/10 06:00,Bank of America,acct_d55ed18aa061aaca86cb,JPMorgan Chase,acct_11bf97a261106b2b7d1c,3342.71,US Dollar,3342.71,US Dollar,ACH,PUBLIC_SYNTHETIC_IBM_AML,0
ibm_5c425a4a152d7a7343aa72bd,2026/09/10 08:00,Wells Fargo,acct_6e3afa5df371dcbbc321,Citibank,acct_053fbda49b9674df6785,6726.28,US Dollar,6726.28,US Dollar,ACH,PUBLIC_SYNTHETIC_IBM_AML,0
ibm_dc9ea55c34816ba3a24162bc,2026/09/10 10:00,Citibank,acct_19a167daebb98ac654f8,Bank of America,acct_14fb781bb49d2f591c93,73491.05,US Dollar,73491.05,US Dollar,ACH,PUBLIC_SYNTHETIC_IBM_AML,0
ibm_7f09d209605e72f4ec0b58e4,2026/09/10 12:00,Wells Fargo,acct_7d98af0b55cdeab1edbe,PNC Bank,acct_6dd6763ce616cd41f284,37194.33,US Dollar,37194.33,US Dollar,ACH,PUBLIC_SYNTHETIC_IBM_AML,0
ibm_4758aca749a8e27c2c71eadb,2026/09/10 14:00,Wells Fargo,acct_68564f1adbcabb73f453,JPMorgan Chase,acct_c6cfb5389aad94d209bf,34001.74,US Dollar,34001.74,US Dollar,ACH,PUBLIC_SYNTHETIC_IBM_AML,0
ibm_cf8abe043ee598fe364761b3,2026/09/10 20:00,Citibank,acct_d3623ee941687e90dfa7,Citibank,acct_00f505183a7b2becf08f,9053.72,US Dollar,9053.72,US Dollar,ACH,PUBLIC_SYNTHETIC_IBM_AML,0
ibm_84ca136eeac89b1b344204eb,2026/09/10 22:00,Wells Fargo,acct_699100bc03cfb6bf5a23,Citibank,acct_df30c792bea39322160b,21767.88,US Dollar,21767.88,US Dollar,ACH,PUBLIC_SYNTHETIC_IBM_AML,0
ibm_61c9e73983713dbb816bf387,2026/09/11 02:00,JPMorgan Chase,acct_3f9d0c5bcae82777160c,JPMorgan Chase,acct_094822e5435bb677fe3d,64454.40,US Dollar,64454.40,US Dollar,ACH,PUBLIC_SYNTHETIC_IBM_AML,0
ibm_2ae64e6d6b7d7cbe354394ca,2026/09/11 08:00,Bank of America,acct_6a3a5779f02605353f2b,Wells Fargo,acct_90246b02e35ff6116d0a,10248.66,US Dollar,10248.66,US Dollar,ACH,PUBLIC_SYNTHETIC_IBM_AML,0
ibm_9a795164c7e353379f218526,2026/09/11 12:00,JPMorgan Chase,acct_36668ad53af7eaf39b11,PNC Bank,acct_f8251f4093ced5dffc01,19017.48,US Dollar,19017.48,US Dollar,ACH,PUBLIC_SYNTHETIC_IBM_AML,0
ibm_bb4c121962d65387b575741d,2026/09/11 14:00,Wells Fargo,acct_1cb2645298a673f896f0,JPMorgan Chase,acct_042e7ee0d89315d3cf92,41310.93,US Dollar,41310.93,US Dollar,ACH,PUBLIC_SYNTHETIC_IBM_AML,0
ibm_567e852bf99ca3704f158d6a,2026/09/11 16:00,JPMorgan Chase,acct_291bcf096bed1c243f66,Wells Fargo,acct_e73e233e4f2268db8a2b,73788.63,US Dollar,73788.63,US Dollar,ACH,PUBLIC_SYNTHETIC_IBM_AML,0
ibm_821fe0f8b6aeac8da0096d60,2026/09/11 18:00,JPMorgan Chase,acct_4990f4dfcad1443a904a,Citibank,acct_1199f403c5bd339e02e3,20876.41,US Dollar,20876.41,US Dollar,ACH,PUBLIC_SYNTHETIC_IBM_AML,0
ibm_33e0b732380ef9fe777a4f47,2026/09/11 22:00,PNC Bank,acct_37710a93ca4d5ce7bec4,Wells Fargo,acct_9320a6f214cb0c18db77,72580.19,US Dollar,72580.19,US Dollar,ACH,PUBLIC_SYNTHETIC_IBM_AML,0
ibm_05b1327f43d4a2a45a2b54f3,2026/09/12 00:00,Bank of America,acct_0c0656a97e8d767848d7,Wells Fargo,acct_32292f418423562579b2,3567.27,US Dollar,3567.27,US Dollar,ACH,PUBLIC_SYNTHETIC_IBM_AML,0
